Contestant,Voter,Score,Artist,Song,Year
Israel,Austria,1,Dafna Dekel,Ze Rak Sport,1992
Spain,Austria,2,Serafín,Todo esto es la música,1992
Denmark,Austria,3,Kenny Lübcke & Lotte Nilsson,Alt det som ingen ser,1992
Greece,Austria,4,Cleopatra,Olou tou kosmou i Elpida,1992
Netherlands,Austria,5,Humphrey Campbell,Wijs me de weg,1992
Italy,Austria,6,Mia Martini,Rapsodia,1992
Iceland,Austria,7,Heart 2 Heart,Nei eða já,1992
Malta,Austria,8,Mary Spiteri,Little Child,1992
Ireland,Austria,10,Linda Martin,Why Me?,1992
United Kingdom,Austria,12,Michael Ball,One Step Out of Time,1992
Spain,Belgium,1,Serafín,Todo esto es la música,1992
Netherlands,Belgium,2,Humphrey Campbell,Wijs me de weg,1992
Norway,Belgium,3,Merethe Trøan,Visjoner,1992
Iceland,Belgium,4,Heart 2 Heart,Nei eða já,1992
Switzerland,Belgium,5,Daisy Auvray,Mister Music Man,1992
Germany,Belgium,6,Wind,Träume sind für alle da,1992
Ireland,Belgium,7,Linda Martin,Why Me?,1992
Austria,Belgium,8,Tony Wegas,Zusammen geh'n,1992
Malta,Belgium,10,Mary Spiteri,Little Child,1992
United Kingdom,Belgium,12,Michael Ball,One Step Out of Time,1992
Malta,Cyprus,1,Mary Spiteri,Little Child,1992
Yugoslavia,Cyprus,2,Extra Nena,Ljubim te pesmama,1992
France,Cyprus,3,Kali,Monté la riviè,1992
Israel,Cyprus,4,Dafna Dekel,Ze Rak Sport,1992
Ireland,Cyprus,5,Linda Martin,Why Me?,1992
United Kingdom,Cyprus,6,Michael Ball,One Step Out of Time,1992
Netherlands,Cyprus,7,Humphrey Campbell,Wijs me de weg,1992
Austria,Cyprus,8,Tony Wegas,Zusammen geh'n,1992
Italy,Cyprus,10,Mia Martini,Rapsodia,1992
Greece,Cyprus,12,Cleopatra,Olou tou kosmou i Elpida,1992
Spain,Denmark,1,Serafín,Todo esto es la música,1992
Israel,Denmark,2,Dafna Dekel,Ze Rak Sport,1992
Germany,Denmark,3,Wind,Träume sind für alle da,1992
Sweden,Denmark,4,Christer Björkman,I morgon är en annan dag,1992
Iceland,Denmark,5,Heart 2 Heart,Nei eða já,1992
Norway,Denmark,6,Merethe Trøan,Visjoner,1992
Austria,Denmark,7,Tony Wegas,Zusammen geh'n,1992
Malta,Denmark,8,Mary Spiteri,Little Child,1992
Ireland,Denmark,10,Linda Martin,Why Me?,1992
United Kingdom,Denmark,12,Michael Ball,One Step Out of Time,1992
Norway,Finland,1,Merethe Trøan,Visjoner,1992
Portugal,Finland,2,Dina,Amor d'água fresca,1992
Spain,Finland,3,Serafín,Todo esto es la música,1992
Yugoslavia,Finland,4,Extra Nena,Ljubim te pesmama,1992
Greece,Finland,5,Cleopatra,Olou tou kosmou i Elpida,1992
United Kingdom,Finland,6,Michael Ball,One Step Out of Time,1992
France,Finland,7,Kali,Monté la riviè,1992
Cyprus,Finland,8,Evridiki,Teriazoume,1992
Ireland,Finland,10,Linda Martin,Why Me?,1992
Italy,Finland,12,Mia Martini,Rapsodia,1992
Sweden,France,1,Christer Björkman,I morgon är en annan dag,1992
Cyprus,France,2,Evridiki,Teriazoume,1992
Belgium,France,3,Morgane,"Nous, on veut des violons",1992
Netherlands,France,4,Humphrey Campbell,Wijs me de weg,1992
Yugoslavia,France,5,Extra Nena,Ljubim te pesmama,1992
Spain,France,6,Serafín,Todo esto es la música,1992
Greece,France,7,Cleopatra,Olou tou kosmou i Elpida,1992
Israel,France,8,Dafna Dekel,Ze Rak Sport,1992
United Kingdom,France,10,Michael Ball,One Step Out of Time,1992
Italy,France,12,Mia Martini,Rapsodia,1992
Italy,Germany,1,Mia Martini,Rapsodia,1992
Yugoslavia,Germany,2,Extra Nena,Ljubim te pesmama,1992
France,Germany,3,Kali,Monté la riviè,1992
Israel,Germany,4,Dafna Dekel,Ze Rak Sport,1992
Denmark,Germany,5,Kenny Lübcke & Lotte Nilsson,Alt det som ingen ser,1992
Iceland,Germany,6,Heart 2 Heart,Nei eða já,1992
Netherlands,Germany,7,Humphrey Campbell,Wijs me de weg,1992
Portugal,Germany,8,Dina,Amor d'água fresca,1992
Ireland,Germany,10,Linda Martin,Why Me?,1992
United Kingdom,Germany,12,Michael Ball,One Step Out of Time,1992
Yugoslavia,Greece,1,Extra Nena,Ljubim te pesmama,1992
Portugal,Greece,2,Dina,Amor d'água fresca,1992
Italy,Greece,3,Mia Martini,Rapsodia,1992
Spain,Greece,4,Serafín,Todo esto es la música,1992
Netherlands,Greece,5,Humphrey Campbell,Wijs me de weg,1992
Iceland,Greece,6,Heart 2 Heart,Nei eða já,1992
Malta,Greece,7,Mary Spiteri,Little Child,1992
Austria,Greece,8,Tony Wegas,Zusammen geh'n,1992
Cyprus,Greece,10,Evridiki,Teriazoume,1992
Ireland,Greece,12,Linda Martin,Why Me?,1992
Norway,Iceland,1,Merethe Trøan,Visjoner,1992
Greece,Iceland,2,Cleopatra,Olou tou kosmou i Elpida,1992
Netherlands,Iceland,3,Humphrey Campbell,Wijs me de weg,1992
United Kingdom,Iceland,4,Michael Ball,One Step Out of Time,1992
Yugoslavia,Iceland,5,Extra Nena,Ljubim te pesmama,1992
Denmark,Iceland,6,Kenny Lübcke & Lotte Nilsson,Alt det som ingen ser,1992
Ireland,Iceland,7,Linda Martin,Why Me?,1992
Malta,Iceland,8,Mary Spiteri,Little Child,1992
Italy,Iceland,10,Mia Martini,Rapsodia,1992
Switzerland,Iceland,12,Daisy Auvray,Mister Music Man,1992
Switzerland,Ireland,1,Daisy Auvray,Mister Music Man,1992
Germany,Ireland,2,Wind,Träume sind für alle da,1992
Turkey,Ireland,3,Aylin Vatankoş,Yaz Bitti,1992
Yugoslavia,Ireland,4,Extra Nena,Ljubim te pesmama,1992
France,Ireland,5,Kali,Monté la riviè,1992
Cyprus,Ireland,6,Evridiki,Teriazoume,1992
United Kingdom,Ireland,7,Michael Ball,One Step Out of Time,1992
Netherlands,Ireland,8,Humphrey Campbell,Wijs me de weg,1992
Malta,Ireland,10,Mary Spiteri,Little Child,1992
Austria,Ireland,12,Tony Wegas,Zusammen geh'n,1992
Finland,Israel,1,Pave Maijanen,"Yamma, yamma",1992
United Kingdom,Israel,2,Michael Ball,One Step Out of Time,1992
Cyprus,Israel,3,Evridiki,Teriazoume,1992
Iceland,Israel,4,Heart 2 Heart,Nei eða já,1992
Netherlands,Israel,5,Humphrey Campbell,Wijs me de weg,1992
Denmark,Israel,6,Kenny Lübcke & Lotte Nilsson,Alt det som ingen ser,1992
Greece,Israel,7,Cleopatra,Olou tou kosmou i Elpida,1992
Portugal,Israel,8,Dina,Amor d'água fresca,1992
Yugoslavia,Israel,10,Extra Nena,Ljubim te pesmama,1992
France,Israel,12,Kali,Monté la riviè,1992
Portugal,Italy,1,Dina,Amor d'água fresca,1992
Ireland,Italy,2,Linda Martin,Why Me?,1992
Malta,Italy,3,Mary Spiteri,Little Child,1992
Cyprus,Italy,4,Evridiki,Teriazoume,1992
Iceland,Italy,5,Heart 2 Heart,Nei eða já,1992
France,Italy,6,Kali,Monté la riviè,1992
Spain,Italy,7,Serafín,Todo esto es la música,1992
United Kingdom,Italy,8,Michael Ball,One Step Out of Time,1992
Switzerland,Italy,10,Daisy Auvray,Mister Music Man,1992
Greece,Italy,12,Cleopatra,Olou tou kosmou i Elpida,1992
Belgium,Luxembourg,1,Morgane,"Nous, on veut des violons",1992
Yugoslavia,Luxembourg,2,Extra Nena,Ljubim te pesmama,1992
Spain,Luxembourg,3,Serafín,Todo esto es la música,1992
Norway,Luxembourg,4,Merethe Trøan,Visjoner,1992
Iceland,Luxembourg,5,Heart 2 Heart,Nei eða já,1992
Denmark,Luxembourg,6,Kenny Lübcke & Lotte Nilsson,Alt det som ingen ser,1992
United Kingdom,Luxembourg,7,Michael Ball,One Step Out of Time,1992
Israel,Luxembourg,8,Dafna Dekel,Ze Rak Sport,1992
Ireland,Luxembourg,10,Linda Martin,Why Me?,1992
Malta,Luxembourg,12,Mary Spiteri,Little Child,1992
Cyprus,Malta,1,Evridiki,Teriazoume,1992
Spain,Malta,2,Serafín,Todo esto es la música,1992
Yugoslavia,Malta,3,Extra Nena,Ljubim te pesmama,1992
Austria,Malta,4,Tony Wegas,Zusammen geh'n,1992
Italy,Malta,5,Mia Martini,Rapsodia,1992
United Kingdom,Malta,6,Michael Ball,One Step Out of Time,1992
Israel,Malta,7,Dafna Dekel,Ze Rak Sport,1992
Turkey,Malta,8,Aylin Vatankoş,Yaz Bitti,1992
Luxembourg,Malta,10,Marion Welter & Kontinent,Sou fräi,1992
Ireland,Malta,12,Linda Martin,Why Me?,1992
Spain,Netherlands,1,Serafín,Todo esto es la música,1992
Iceland,Netherlands,2,Heart 2 Heart,Nei eða já,1992
Israel,Netherlands,3,Dafna Dekel,Ze Rak Sport,1992
Greece,Netherlands,4,Cleopatra,Olou tou kosmou i Elpida,1992
Malta,Netherlands,5,Mary Spiteri,Little Child,1992
France,Netherlands,6,Kali,Monté la riviè,1992
United Kingdom,Netherlands,7,Michael Ball,One Step Out of Time,1992
Cyprus,Netherlands,8,Evridiki,Teriazoume,1992
Ireland,Netherlands,10,Linda Martin,Why Me?,1992
Italy,Netherlands,12,Mia Martini,Rapsodia,1992
Iceland,Norway,1,Heart 2 Heart,Nei eða já,1992
Israel,Norway,2,Dafna Dekel,Ze Rak Sport,1992
Cyprus,Norway,3,Evridiki,Teriazoume,1992
Netherlands,Norway,4,Humphrey Campbell,Wijs me de weg,1992
Spain,Norway,5,Serafín,Todo esto es la música,1992
Denmark,Norway,6,Kenny Lübcke & Lotte Nilsson,Alt det som ingen ser,1992
Ireland,Norway,7,Linda Martin,Why Me?,1992
Greece,Norway,8,Cleopatra,Olou tou kosmou i Elpida,1992
France,Norway,10,Kali,Monté la riviè,1992
Italy,Norway,12,Mia Martini,Rapsodia,1992
Denmark,Portugal,1,Kenny Lübcke & Lotte Nilsson,Alt det som ingen ser,1992
Cyprus,Portugal,2,Evridiki,Teriazoume,1992
Austria,Portugal,3,Tony Wegas,Zusammen geh'n,1992
Ireland,Portugal,4,Linda Martin,Why Me?,1992
Greece,Portugal,5,Cleopatra,Olou tou kosmou i Elpida,1992
Iceland,Portugal,6,Heart 2 Heart,Nei eða já,1992
Israel,Portugal,7,Dafna Dekel,Ze Rak Sport,1992
Italy,Portugal,8,Mia Martini,Rapsodia,1992
Germany,Portugal,10,Wind,Träume sind für alle da,1992
Malta,Portugal,12,Mary Spiteri,Little Child,1992
Ireland,Spain,1,Linda Martin,Why Me?,1992
Austria,Spain,2,Tony Wegas,Zusammen geh'n,1992
Belgium,Spain,3,Morgane,"Nous, on veut des violons",1992
Denmark,Spain,4,Kenny Lübcke & Lotte Nilsson,Alt det som ingen ser,1992
United Kingdom,Spain,5,Michael Ball,One Step Out of Time,1992
France,Spain,6,Kali,Monté la riviè,1992
Netherlands,Spain,7,Humphrey Campbell,Wijs me de weg,1992
Iceland,Spain,8,Heart 2 Heart,Nei eða já,1992
Israel,Spain,10,Dafna Dekel,Ze Rak Sport,1992
Malta,Spain,12,Mary Spiteri,Little Child,1992
Austria,Sweden,1,Tony Wegas,Zusammen geh'n,1992
Norway,Sweden,2,Merethe Trøan,Visjoner,1992
Greece,Sweden,3,Cleopatra,Olou tou kosmou i Elpida,1992
Israel,Sweden,4,Dafna Dekel,Ze Rak Sport,1992
United Kingdom,Sweden,5,Michael Ball,One Step Out of Time,1992
Iceland,Sweden,6,Heart 2 Heart,Nei eða já,1992
Denmark,Sweden,7,Kenny Lübcke & Lotte Nilsson,Alt det som ingen ser,1992
Italy,Sweden,8,Mia Martini,Rapsodia,1992
Ireland,Sweden,10,Linda Martin,Why Me?,1992
Malta,Sweden,12,Mary Spiteri,Little Child,1992
Netherlands,Switzerland,1,Humphrey Campbell,Wijs me de weg,1992
Cyprus,Switzerland,2,Evridiki,Teriazoume,1992
Iceland,Switzerland,3,Heart 2 Heart,Nei eða já,1992
Israel,Switzerland,4,Dafna Dekel,Ze Rak Sport,1992
Malta,Switzerland,5,Mary Spiteri,Little Child,1992
Ireland,Switzerland,6,Linda Martin,Why Me?,1992
Italy,Switzerland,7,Mia Martini,Rapsodia,1992
United Kingdom,Switzerland,8,Michael Ball,One Step Out of Time,1992
Greece,Switzerland,10,Cleopatra,Olou tou kosmou i Elpida,1992
France,Switzerland,12,Kali,Monté la riviè,1992
Spain,Turkey,1,Serafín,Todo esto es la música,1992
Israel,Turkey,2,Dafna Dekel,Ze Rak Sport,1992
France,Turkey,3,Kali,Monté la riviè,1992
Belgium,Turkey,4,Morgane,"Nous, on veut des violons",1992
Italy,Turkey,5,Mia Martini,Rapsodia,1992
Yugoslavia,Turkey,6,Extra Nena,Ljubim te pesmama,1992
Netherlands,Turkey,7,Humphrey Campbell,Wijs me de weg,1992
Greece,Turkey,8,Cleopatra,Olou tou kosmou i Elpida,1992
United Kingdom,Turkey,10,Michael Ball,One Step Out of Time,1992
Ireland,Turkey,12,Linda Martin,Why Me?,1992
Spain,United Kingdom,1,Serafín,Todo esto es la música,1992
Netherlands,United Kingdom,2,Humphrey Campbell,Wijs me de weg,1992
Denmark,United Kingdom,3,Kenny Lübcke & Lotte Nilsson,Alt det som ingen ser,1992
Switzerland,United Kingdom,4,Daisy Auvray,Mister Music Man,1992
Norway,United Kingdom,5,Merethe Trøan,Visjoner,1992
Germany,United Kingdom,6,Wind,Träume sind für alle da,1992
Israel,United Kingdom,7,Dafna Dekel,Ze Rak Sport,1992
Ireland,United Kingdom,8,Linda Martin,Why Me?,1992
Austria,United Kingdom,10,Tony Wegas,Zusammen geh'n,1992
Iceland,United Kingdom,12,Heart 2 Heart,Nei eða já,1992
Norway,Yugoslavia,1,Merethe Trøan,Visjoner,1992
Ireland,Yugoslavia,2,Linda Martin,Why Me?,1992
Finland,Yugoslavia,3,Pave Maijanen,"Yamma, yamma",1992
Sweden,Yugoslavia,4,Christer Björkman,I morgon är en annan dag,1992
Portugal,Yugoslavia,5,Dina,Amor d'água fresca,1992
Turkey,Yugoslavia,6,Aylin Vatankoş,Yaz Bitti,1992
Greece,Yugoslavia,7,Cleopatra,Olou tou kosmou i Elpida,1992
Cyprus,Yugoslavia,8,Evridiki,Teriazoume,1992
Malta,Yugoslavia,10,Mary Spiteri,Little Child,1992
Israel,Yugoslavia,12,Dafna Dekel,Ze Rak Sport,1992
Denmark,Albania,1,Emmelie de Forest,Only Teardrops,2013
Norway,Albania,2,Margaret Berger,I Feed You My Love,2013
Germany,Albania,3,Cascada,Glorious,2013
Netherlands,Albania,4,Anouk,Birds,2013
Romania,Albania,5,Cezar,It's My Life,2013
Spain,Albania,6,ESDM,Contigo hasta el final,2013
Azerbaijan,Albania,7,Farid Mammadov,Hold Me,2013
Hungary,Albania,8,ByeAlex,Kedvesem (Zoohacker Remix),2013
Greece,Albania,10,Koza Mostra feat. Agathon Iakovidis,Alcohol Is Free,2013
Italy,Albania,12,Marco Mengoni,L'essenziale,2013
Italy,Armenia,1,Marco Mengoni,L'essenziale,2013
France,Armenia,2,Amandine Bourgeois,L'enfer et moi,2013
Norway,Armenia,3,Margaret Berger,I Feed You My Love,2013
Denmark,Armenia,4,Emmelie de Forest,Only Teardrops,2013
Belarus,Armenia,5,Alyona Lanskaya,Solayoh,2013
Malta,Armenia,6,Gianluca,Tomorrow,2013
Russia,Armenia,7,Dina Garipova,What If,2013
Greece,Armenia,8,Koza Mostra feat. Agathon Iakovidis,Alcohol Is Free,2013
Georgia,Armenia,10,Nodi Tatishvili and Sophie Gelovani,Waterfall,2013
Ukraine,Armenia,12,Zlata Ognevich,Gravity,2013
Ukraine,Austria,1,Zlata Ognevich,Gravity,2013
Moldova,Austria,2,Aliona Moon,O mie,2013
Belgium,Austria,3,Roberto Bellarosa,Love Kills,2013
Romania,Austria,4,Cezar,It's My Life,2013
Denmark,Austria,5,Emmelie de Forest,Only Teardrops,2013
Germany,Austria,6,Cascada,Glorious,2013
Greece,Austria,7,Koza Mostra feat. Agathon Iakovidis,Alcohol Is Free,2013
Netherlands,Austria,8,Anouk,Birds,2013
Italy,Austria,10,Marco Mengoni,L'essenziale,2013
Azerbaijan,Austria,12,Farid Mammadov,Hold Me,2013
Moldova,Azerbaijan,1,Aliona Moon,O mie,2013
Norway,Azerbaijan,2,Margaret Berger,I Feed You My Love,2013
Lithuania,Azerbaijan,3,Andrius Pojavis,Something,2013
Greece,Azerbaijan,4,Koza Mostra feat. Agathon Iakovidis,Alcohol Is Free,2013
Denmark,Azerbaijan,5,Emmelie de Forest,Only Teardrops,2013
Romania,Azerbaijan,6,Cezar,It's My Life,2013
Belarus,Azerbaijan,7,Alyona Lanskaya,Solayoh,2013
Malta,Azerbaijan,8,Gianluca,Tomorrow,2013
Georgia,Azerbaijan,10,Nodi Tatishvili and Sophie Gelovani,Waterfall,2013
Ukraine,Azerbaijan,12,Zlata Ognevich,Gravity,2013
Denmark,Belarus,1,Emmelie de Forest,Only Teardrops,2013
Armenia,Belarus,2,Dorians,Lonely Planet,2013
Norway,Belarus,3,Margaret Berger,I Feed You My Love,2013
Moldova,Belarus,4,Aliona Moon,O mie,2013
Lithuania,Belarus,5,Andrius Pojavis,Something,2013
Greece,Belarus,6,Koza Mostra feat. Agathon Iakovidis,Alcohol Is Free,2013
Malta,Belarus,7,Gianluca,Tomorrow,2013
Russia,Belarus,8,Dina Garipova,What If,2013
Azerbaijan,Belarus,10,Farid Mammadov,Hold Me,2013
Ukraine,Belarus,12,Zlata Ognevich,Gravity,2013
Sweden,Belgium,1,Robin Stjernberg,You,2013
Greece,Belgium,2,Koza Mostra feat. Agathon Iakovidis,Alcohol Is Free,2013
Moldova,Belgium,3,Aliona Moon,O mie,2013
Russia,Belgium,4,Dina Garipova,What If,2013
Azerbaijan,Belgium,5,Farid Mammadov,Hold Me,2013
Italy,Belgium,6,Marco Mengoni,L'essenziale,2013
Norway,Belgium,7,Margaret Berger,I Feed You My Love,2013
Ukraine,Belgium,8,Zlata Ognevich,Gravity,2013
Denmark,Belgium,10,Emmelie de Forest,Only Teardrops,2013
Netherlands,Belgium,12,Anouk,Birds,2013
Norway,Bulgaria,1,Margaret Berger,I Feed You My Love,2013
Denmark,Bulgaria,2,Emmelie de Forest,Only Teardrops,2013
Moldova,Bulgaria,3,Aliona Moon,O mie,2013
Sweden,Bulgaria,4,Robin Stjernberg,You,2013
Russia,Bulgaria,5,Dina Garipova,What If,2013
Hungary,Bulgaria,6,ByeAlex,Kedvesem (Zoohacker Remix),2013
Greece,Bulgaria,7,Koza Mostra feat. Agathon Iakovidis,Alcohol Is Free,2013
Armenia,Bulgaria,8,Dorians,Lonely Planet,2013
Ukraine,Bulgaria,10,Zlata Ognevich,Gravity,2013
Azerbaijan,Bulgaria,12,Farid Mammadov,Hold Me,2013
Sweden,Croatia,1,Robin Stjernberg,You,2013
Netherlands,Croatia,2,Anouk,Birds,2013
Norway,Croatia,3,Margaret Berger,I Feed You My Love,2013
Hungary,Croatia,4,ByeAlex,Kedvesem (Zoohacker Remix),2013
Greece,Croatia,5,Koza Mostra feat. Agathon Iakovidis,Alcohol Is Free,2013
Russia,Croatia,6,Dina Garipova,What If,2013
Azerbaijan,Croatia,7,Farid Mammadov,Hold Me,2013
Italy,Croatia,8,Marco Mengoni,L'essenziale,2013
Denmark,Croatia,10,Emmelie de Forest,Only Teardrops,2013
Ukraine,Croatia,12,Zlata Ognevich,Gravity,2013
France,Cyprus,1,Amandine Bourgeois,L'enfer et moi,2013
Ireland,Cyprus,2,Ryan Dolan,Only Love Survives,2013
Malta,Cyprus,3,Gianluca,Tomorrow,2013
Norway,Cyprus,4,Margaret Berger,I Feed You My Love,2013
Russia,Cyprus,5,Dina Garipova,What If,2013
Italy,Cyprus,6,Marco Mengoni,L'essenziale,2013
Denmark,Cyprus,7,Emmelie de Forest,Only Teardrops,2013
Azerbaijan,Cyprus,8,Farid Mammadov,Hold Me,2013
Ukraine,Cyprus,10,Zlata Ognevich,Gravity,2013
Greece,Cyprus,12,Koza Mostra feat. Agathon Iakovidis,Alcohol Is Free,2013
Iceland,Denmark,1,Eythor Ingi,Ég á líf,2013
Finland,Denmark,2,Krista Siegfrids,Marry Me,2013
Ukraine,Denmark,3,Zlata Ognevich,Gravity,2013
Malta,Denmark,4,Gianluca,Tomorrow,2013
Belgium,Denmark,5,Roberto Bellarosa,Love Kills,2013
Greece,Denmark,6,Koza Mostra feat. Agathon Iakovidis,Alcohol Is Free,2013
Russia,Denmark,7,Dina Garipova,What If,2013
Sweden,Denmark,8,Robin Stjernberg,You,2013
Netherlands,Denmark,10,Anouk,Birds,2013
Norway,Denmark,12,Margaret Berger,I Feed You My Love,2013
Sweden,Estonia,1,Robin Stjernberg,You,2013
Belgium,Estonia,2,Roberto Bellarosa,Love Kills,2013
Norway,Estonia,3,Margaret Berger,I Feed You My Love,2013
Hungary,Estonia,4,ByeAlex,Kedvesem (Zoohacker Remix),2013
Malta,Estonia,5,Gianluca,Tomorrow,2013
Iceland,Estonia,6,Eythor Ingi,Ég á líf,2013
Netherlands,Estonia,7,Anouk,Birds,2013
Denmark,Estonia,8,Emmelie de Forest,Only Teardrops,2013
Ukraine,Estonia,10,Zlata Ognevich,Gravity,2013
Russia,Estonia,12,Dina Garipova,What If,2013
Greece,Finland,1,Koza Mostra feat. Agathon Iakovidis,Alcohol Is Free,2013
Russia,Finland,2,Dina Garipova,What If,2013
Belgium,Finland,3,Roberto Bellarosa,Love Kills,2013
Sweden,Finland,4,Robin Stjernberg,You,2013
Iceland,Finland,5,Eythor Ingi,Ég á líf,2013
Estonia,Finland,6,Birgit,Et uus saaks alguse,2013
Denmark,Finland,7,Emmelie de Forest,Only Teardrops,2013
Netherlands,Finland,8,Anouk,Birds,2013
Hungary,Finland,10,ByeAlex,Kedvesem (Zoohacker Remix),2013
Norway,Finland,12,Margaret Berger,I Feed You My Love,2013
Romania,France,1,Cezar,It's My Life,2013
Malta,France,2,Gianluca,Tomorrow,2013
Finland,France,3,Krista Siegfrids,Marry Me,2013
Moldova,France,4,Aliona Moon,O mie,2013
Belgium,France,5,Roberto Bellarosa,Love Kills,2013
Russia,France,6,Dina Garipova,What If,2013
Armenia,France,7,Dorians,Lonely Planet,2013
Azerbaijan,France,8,Farid Mammadov,Hold Me,2013
Italy,France,10,Marco Mengoni,L'essenziale,2013
Denmark,France,12,Emmelie de Forest,Only Teardrops,2013
Lithuania,Georgia,1,Andrius Pojavis,Something,2013
Italy,Georgia,2,Marco Mengoni,L'essenziale,2013
Malta,Georgia,3,Gianluca,Tomorrow,2013
Norway,Georgia,4,Margaret Berger,I Feed You My Love,2013
Belarus,Georgia,5,Alyona Lanskaya,Solayoh,2013
Russia,Georgia,6,Dina Garipova,What If,2013
Denmark,Georgia,7,Emmelie de Forest,Only Teardrops,2013
Ukraine,Georgia,8,Zlata Ognevich,Gravity,2013
Armenia,Georgia,10,Dorians,Lonely Planet,2013
Azerbaijan,Georgia,12,Farid Mammadov,Hold Me,2013
Finland,Germany,1,Krista Siegfrids,Marry Me,2013
Russia,Germany,2,Dina Garipova,What If,2013
Sweden,Germany,3,Robin Stjernberg,You,2013
Azerbaijan,Germany,4,Farid Mammadov,Hold Me,2013
Malta,Germany,5,Gianluca,Tomorrow,2013
Greece,Germany,6,Koza Mostra feat. Agathon Iakovidis,Alcohol Is Free,2013
Norway,Germany,7,Margaret Berger,I Feed You My Love,2013
Iceland,Germany,8,Eythor Ingi,Ég á líf,2013
Denmark,Germany,10,Emmelie de Forest,Only Teardrops,2013
Hungary,Germany,12,ByeAlex,Kedvesem (Zoohacker Remix),2013
Belarus,Greece,1,Alyona Lanskaya,Solayoh,2013
Hungary,Greece,2,ByeAlex,Kedvesem (Zoohacker Remix),2013
Malta,Greece,3,Gianluca,Tomorrow,2013
Norway,Greece,4,Margaret Berger,I Feed You My Love,2013
Georgia,Greece,5,Nodi Tatishvili and Sophie Gelovani,Waterfall,2013
Italy,Greece,6,Marco Mengoni,L'essenziale,2013
Denmark,Greece,7,Emmelie de Forest,Only Teardrops,2013
Ukraine,Greece,8,Zlata Ognevich,Gravity,2013
Romania,Greece,10,Cezar,It's My Life,2013
Azerbaijan,Greece,12,Farid Mammadov,Hold Me,2013
Greece,Hungary,1,Koza Mostra feat. Agathon Iakovidis,Alcohol Is Free,2013
Norway,Hungary,2,Margaret Berger,I Feed You My Love,2013
Armenia,Hungary,3,Dorians,Lonely Planet,2013
Belgium,Hungary,4,Roberto Bellarosa,Love Kills,2013
Netherlands,Hungary,5,Anouk,Birds,2013
Iceland,Hungary,6,Eythor Ingi,Ég á líf,2013
Ukraine,Hungary,7,Zlata Ognevich,Gravity,2013
Malta,Hungary,8,Gianluca,Tomorrow,2013
Denmark,Hungary,10,Emmelie de Forest,Only Teardrops,2013
Azerbaijan,Hungary,12,Farid Mammadov,Hold Me,2013
Russia,Iceland,1,Dina Garipova,What If,2013
France,Iceland,2,Amandine Bourgeois,L'enfer et moi,2013
Ukraine,Iceland,3,Zlata Ognevich,Gravity,2013
Sweden,Iceland,4,Robin Stjernberg,You,2013
Malta,Iceland,5,Gianluca,Tomorrow,2013
Romania,Iceland,6,Cezar,It's My Life,2013
Azerbaijan,Iceland,7,Farid Mammadov,Hold Me,2013
Netherlands,Iceland,8,Anouk,Birds,2013
Norway,Iceland,10,Margaret Berger,I Feed You My Love,2013
Denmark,Iceland,12,Emmelie de Forest,Only Teardrops,2013
Lithuania,Ireland,1,Andrius Pojavis,Something,2013
Azerbaijan,Ireland,2,Farid Mammadov,Hold Me,2013
Moldova,Ireland,3,Aliona Moon,O mie,2013
Belgium,Ireland,4,Roberto Bellarosa,Love Kills,2013
Sweden,Ireland,5,Robin Stjernberg,You,2013
Netherlands,Ireland,6,Anouk,Birds,2013
United Kingdom,Ireland,7,Bonnie Tyler,Believe in Me,2013
Ukraine,Ireland,8,Zlata Ognevich,Gravity,2013
Russia,Ireland,10,Dina Garipova,What If,2013
Denmark,Ireland,12,Emmelie de Forest,Only Teardrops,2013
Moldova,Israel,1,Aliona Moon,O mie,2013
Greece,Israel,2,Koza Mostra feat. Agathon Iakovidis,Alcohol Is Free,2013
Belarus,Israel,3,Alyona Lanskaya,Solayoh,2013
Finland,Israel,4,Krista Siegfrids,Marry Me,2013
Germany,Israel,5,Cascada,Glorious,2013
Norway,Israel,6,Margaret Berger,I Feed You My Love,2013
Russia,Israel,7,Dina Garipova,What If,2013
Denmark,Israel,8,Emmelie de Forest,Only Teardrops,2013
Ukraine,Israel,10,Zlata Ognevich,Gravity,2013
Azerbaijan,Israel,12,Farid Mammadov,Hold Me,2013
Romania,Italy,1,Cezar,It's My Life,2013
Spain,Italy,2,ESDM,Contigo hasta el final,2013
Hungary,Italy,3,ByeAlex,Kedvesem (Zoohacker Remix),2013
Moldova,Italy,4,Aliona Moon,O mie,2013
Ukraine,Italy,5,Zlata Ognevich,Gravity,2013
Lithuania,Italy,6,Andrius Pojavis,Something,2013
Greece,Italy,7,Koza Mostra feat. Agathon Iakovidis,Alcohol Is Free,2013
Norway,Italy,8,Margaret Berger,I Feed You My Love,2013
Malta,Italy,10,Gianluca,Tomorrow,2013
Denmark,Italy,12,Emmelie de Forest,Only Teardrops,2013
Greece,Latvia,1,Koza Mostra feat. Agathon Iakovidis,Alcohol Is Free,2013
Belgium,Latvia,2,Roberto Bellarosa,Love Kills,2013
Azerbaijan,Latvia,3,Farid Mammadov,Hold Me,2013
Sweden,Latvia,4,Robin Stjernberg,You,2013
Malta,Latvia,5,Gianluca,Tomorrow,2013
Denmark,Latvia,6,Emmelie de Forest,Only Teardrops,2013
Ukraine,Latvia,7,Zlata Ognevich,Gravity,2013
Norway,Latvia,8,Margaret Berger,I Feed You My Love,2013
Estonia,Latvia,10,Birgit,Et uus saaks alguse,2013
Russia,Latvia,12,Dina Garipova,What If,2013
Belarus,Lithuania,1,Alyona Lanskaya,Solayoh,2013
Denmark,Lithuania,2,Emmelie de Forest,Only Teardrops,2013
Estonia,Lithuania,3,Birgit,Et uus saaks alguse,2013
Netherlands,Lithuania,4,Anouk,Birds,2013
Hungary,Lithuania,5,ByeAlex,Kedvesem (Zoohacker Remix),2013
Norway,Lithuania,6,Margaret Berger,I Feed You My Love,2013
Russia,Lithuania,7,Dina Garipova,What If,2013
Georgia,Lithuania,8,Nodi Tatishvili and Sophie Gelovani,Waterfall,2013
Ukraine,Lithuania,10,Zlata Ognevich,Gravity,2013
Azerbaijan,Lithuania,12,Farid Mammadov,Hold Me,2013
France,Macedonia,1,Amandine Bourgeois,L'enfer et moi,2013
Netherlands,Macedonia,2,Anouk,Birds,2013
Malta,Macedonia,3,Gianluca,Tomorrow,2013
Greece,Macedonia,4,Koza Mostra feat. Agathon Iakovidis,Alcohol Is Free,2013
Belarus,Macedonia,5,Alyona Lanskaya,Solayoh,2013
Russia,Macedonia,6,Dina Garipova,What If,2013
Moldova,Macedonia,7,Aliona Moon,O mie,2013
Norway,Macedonia,8,Margaret Berger,I Feed You My Love,2013
Italy,Macedonia,10,Marco Mengoni,L'essenziale,2013
Denmark,Macedonia,12,Emmelie de Forest,Only Teardrops,2013
Armenia,Malta,1,Dorians,Lonely Planet,2013
Belarus,Malta,2,Alyona Lanskaya,Solayoh,2013
Norway,Malta,3,Margaret Berger,I Feed You My Love,2013
Greece,Malta,4,Koza Mostra feat. Agathon Iakovidis,Alcohol Is Free,2013
United Kingdom,Malta,5,Bonnie Tyler,Believe in Me,2013
Denmark,Malta,6,Emmelie de Forest,Only Teardrops,2013
Romania,Malta,7,Cezar,It's My Life,2013
Italy,Malta,8,Marco Mengoni,L'essenziale,2013
Ukraine,Malta,10,Zlata Ognevich,Gravity,2013
Azerbaijan,Malta,12,Farid Mammadov,Hold Me,2013
Armenia,Moldova,1,Dorians,Lonely Planet,2013
Norway,Moldova,2,Margaret Berger,I Feed You My Love,2013
Georgia,Moldova,3,Nodi Tatishvili and Sophie Gelovani,Waterfall,2013
Belarus,Moldova,4,Alyona Lanskaya,Solayoh,2013
Sweden,Moldova,5,Robin Stjernberg,You,2013
Denmark,Moldova,6,Emmelie de Forest,Only Teardrops,2013
Russia,Moldova,7,Dina Garipova,What If,2013
Azerbaijan,Moldova,8,Farid Mammadov,Hold Me,2013
Romania,Moldova,10,Cezar,It's My Life,2013
Ukraine,Moldova,12,Zlata Ognevich,Gravity,2013
Romania,Montenegro,1,Cezar,It's My Life,2013
Georgia,Montenegro,2,Nodi Tatishvili and Sophie Gelovani,Waterfall,2013
Belarus,Montenegro,3,Alyona Lanskaya,Solayoh,2013
Norway,Montenegro,4,Margaret Berger,I Feed You My Love,2013
Moldova,Montenegro,5,Aliona Moon,O mie,2013
Italy,Montenegro,6,Marco Mengoni,L'essenziale,2013
Russia,Montenegro,7,Dina Garipova,What If,2013
Greece,Montenegro,8,Koza Mostra feat. Agathon Iakovidis,Alcohol Is Free,2013
Denmark,Montenegro,10,Emmelie de Forest,Only Teardrops,2013
Azerbaijan,Montenegro,12,Farid Mammadov,Hold Me,2013
Greece,Netherlands,1,Koza Mostra feat. Agathon Iakovidis,Alcohol Is Free,2013
Azerbaijan,Netherlands,2,Farid Mammadov,Hold Me,2013
Sweden,Netherlands,3,Robin Stjernberg,You,2013
Russia,Netherlands,4,Dina Garipova,What If,2013
Ukraine,Netherlands,5,Zlata Ognevich,Gravity,2013
Norway,Netherlands,6,Margaret Berger,I Feed You My Love,2013
Hungary,Netherlands,7,ByeAlex,Kedvesem (Zoohacker Remix),2013
Malta,Netherlands,8,Gianluca,Tomorrow,2013
Denmark,Netherlands,10,Emmelie de Forest,Only Teardrops,2013
Belgium,Netherlands,12,Roberto Bellarosa,Love Kills,2013
Ukraine,Norway,1,Zlata Ognevich,Gravity,2013
Hungary,Norway,2,ByeAlex,Kedvesem (Zoohacker Remix),2013
Belgium,Norway,3,Roberto Bellarosa,Love Kills,2013
Iceland,Norway,4,Eythor Ingi,Ég á líf,2013
Greece,Norway,5,Koza Mostra feat. Agathon Iakovidis,Alcohol Is Free,2013
Romania,Norway,6,Cezar,It's My Life,2013
Denmark,Norway,7,Emmelie de Forest,Only Teardrops,2013
Netherlands,Norway,8,Anouk,Birds,2013
Malta,Norway,10,Gianluca,Tomorrow,2013
Sweden,Norway,12,Robin Stjernberg,You,2013
Italy,Romania,1,Marco Mengoni,L'essenziale,2013
Netherlands,Romania,2,Anouk,Birds,2013
United Kingdom,Romania,3,Bonnie Tyler,Believe in Me,2013
Ukraine,Romania,4,Zlata Ognevich,Gravity,2013
Malta,Romania,5,Gianluca,Tomorrow,2013
Denmark,Romania,6,Emmelie de Forest,Only Teardrops,2013
Greece,Romania,7,Koza Mostra feat. Agathon Iakovidis,Alcohol Is Free,2013
Norway,Romania,8,Margaret Berger,I Feed You My Love,2013
Azerbaijan,Romania,10,Farid Mammadov,Hold Me,2013
Moldova,Romania,12,Aliona Moon,O mie,2013
Ukraine,Russia,1,Zlata Ognevich,Gravity,2013
Armenia,Russia,2,Dorians,Lonely Planet,2013
Netherlands,Russia,3,Anouk,Birds,2013
Denmark,Russia,4,Emmelie de Forest,Only Teardrops,2013
Georgia,Russia,5,Nodi Tatishvili and Sophie Gelovani,Waterfall,2013
Moldova,Russia,6,Aliona Moon,O mie,2013
Norway,Russia,7,Margaret Berger,I Feed You My Love,2013
Belgium,Russia,8,Roberto Bellarosa,Love Kills,2013
Greece,Russia,10,Koza Mostra feat. Agathon Iakovidis,Alcohol Is Free,2013
Azerbaijan,Russia,12,Farid Mammadov,Hold Me,2013
Armenia,San Marino,1,Dorians,Lonely Planet,2013
Azerbaijan,San Marino,2,Farid Mammadov,Hold Me,2013
Finland,San Marino,3,Krista Siegfrids,Marry Me,2013
Italy,San Marino,4,Marco Mengoni,L'essenziale,2013
Belgium,San Marino,5,Roberto Bellarosa,Love Kills,2013
Hungary,San Marino,6,ByeAlex,Kedvesem (Zoohacker Remix),2013
Norway,San Marino,7,Margaret Berger,I Feed You My Love,2013
France,San Marino,8,Amandine Bourgeois,L'enfer et moi,2013
Malta,San Marino,10,Gianluca,Tomorrow,2013
Greece,San Marino,12,Koza Mostra feat. Agathon Iakovidis,Alcohol Is Free,2013
Sweden,Serbia,1,Robin Stjernberg,You,2013
Hungary,Serbia,2,ByeAlex,Kedvesem (Zoohacker Remix),2013
Belgium,Serbia,3,Roberto Bellarosa,Love Kills,2013
Italy,Serbia,4,Marco Mengoni,L'essenziale,2013
Azerbaijan,Serbia,5,Farid Mammadov,Hold Me,2013
Moldova,Serbia,6,Aliona Moon,O mie,2013
Norway,Serbia,7,Margaret Berger,I Feed You My Love,2013
Russia,Serbia,8,Dina Garipova,What If,2013
Ukraine,Serbia,10,Zlata Ognevich,Gravity,2013
Denmark,Serbia,12,Emmelie de Forest,Only Teardrops,2013
United Kingdom,Slovenia,1,Bonnie Tyler,Believe in Me,2013
Belgium,Slovenia,2,Roberto Bellarosa,Love Kills,2013
Azerbaijan,Slovenia,3,Farid Mammadov,Hold Me,2013
Iceland,Slovenia,4,Eythor Ingi,Ég á líf,2013
Norway,Slovenia,5,Margaret Berger,I Feed You My Love,2013
Sweden,Slovenia,6,Robin Stjernberg,You,2013
Netherlands,Slovenia,7,Anouk,Birds,2013
Italy,Slovenia,8,Marco Mengoni,L'essenziale,2013
Russia,Slovenia,10,Dina Garipova,What If,2013
Denmark,Slovenia,12,Emmelie de Forest,Only Teardrops,2013
Malta,Spain,1,Gianluca,Tomorrow,2013
Moldova,Spain,2,Aliona Moon,O mie,2013
Germany,Spain,3,Cascada,Glorious,2013
United Kingdom,Spain,4,Bonnie Tyler,Believe in Me,2013
Norway,Spain,5,Margaret Berger,I Feed You My Love,2013
Russia,Spain,6,Dina Garipova,What If,2013
Azerbaijan,Spain,7,Farid Mammadov,Hold Me,2013
Denmark,Spain,8,Emmelie de Forest,Only Teardrops,2013
Ukraine,Spain,10,Zlata Ognevich,Gravity,2013
Italy,Spain,12,Marco Mengoni,L'essenziale,2013
United Kingdom,Sweden,1,Bonnie Tyler,Believe in Me,2013
Ireland,Sweden,2,Ryan Dolan,Only Love Survives,2013
Hungary,Sweden,3,ByeAlex,Kedvesem (Zoohacker Remix),2013
Romania,Sweden,4,Cezar,It's My Life,2013
Russia,Sweden,5,Dina Garipova,What If,2013
Iceland,Sweden,6,Eythor Ingi,Ég á líf,2013
Belgium,Sweden,7,Roberto Bellarosa,Love Kills,2013
Netherlands,Sweden,8,Anouk,Birds,2013
Denmark,Sweden,10,Emmelie de Forest,Only Teardrops,2013
Norway,Sweden,12,Margaret Berger,I Feed You My Love,2013
Germany,Switzerland,1,Cascada,Glorious,2013
United Kingdom,Switzerland,2,Bonnie Tyler,Believe in Me,2013
Denmark,Switzerland,3,Emmelie de Forest,Only Teardrops,2013
Netherlands,Switzerland,4,Anouk,Birds,2013
Iceland,Switzerland,5,Eythor Ingi,Ég á líf,2013
Azerbaijan,Switzerland,6,Farid Mammadov,Hold Me,2013
Norway,Switzerland,7,Margaret Berger,I Feed You My Love,2013
Greece,Switzerland,8,Koza Mostra feat. Agathon Iakovidis,Alcohol Is Free,2013
Hungary,Switzerland,10,ByeAlex,Kedvesem (Zoohacker Remix),2013
Italy,Switzerland,12,Marco Mengoni,L'essenziale,2013
Lithuania,Ukraine,1,Andrius Pojavis,Something,2013
Malta,Ukraine,2,Gianluca,Tomorrow,2013
Norway,Ukraine,3,Margaret Berger,I Feed You My Love,2013
Russia,Ukraine,4,Dina Garipova,What If,2013
Denmark,Ukraine,5,Emmelie de Forest,Only Teardrops,2013
Armenia,Ukraine,6,Dorians,Lonely Planet,2013
Georgia,Ukraine,7,Nodi Tatishvili and Sophie Gelovani,Waterfall,2013
Moldova,Ukraine,8,Aliona Moon,O mie,2013
Azerbaijan,Ukraine,10,Farid Mammadov,Hold Me,2013
Belarus,Ukraine,12,Alyona Lanskaya,Solayoh,2013
Ireland,United Kingdom,1,Ryan Dolan,Only Love Survives,2013
Iceland,United Kingdom,2,Eythor Ingi,Ég á líf,2013
Belgium,United Kingdom,3,Roberto Bellarosa,Love Kills,2013
Romania,United Kingdom,4,Cezar,It's My Life,2013
Ukraine,United Kingdom,5,Zlata Ognevich,Gravity,2013
Netherlands,United Kingdom,6,Anouk,Birds,2013
Malta,United Kingdom,7,Gianluca,Tomorrow,2013
Greece,United Kingdom,8,Koza Mostra feat. Agathon Iakovidis,Alcohol Is Free,2013
Russia,United Kingdom,10,Dina Garipova,What If,2013
Denmark,United Kingdom,12,Emmelie de Forest,Only Teardrops,2013
